Workbook

Sheet Proceso BPMN
A1: Proceso de Solicitud de Crédito – Expomóvil (insumo para diagrama BPMN)
A4: ID | B4: Carril (Rol) | C4: Elemento BPMN | D4: Tipo de elemento | E4: Descripción | F4: Condición / Salida | G4: Siguiente elemento | H4: Tiempo estimado (días hábiles)
A5: E1 | B5: Persona de Negocio | C5: Inicio: Cliente solicita crédito | D5: Evento de inicio | E5: El cliente manifiesta interés en un crédito de Expomóvil. | F5: — | G5: T1 | H5: —
A6: T1 | B6: Persona de Negocio | C6: Crear solicitud | D6: Tarea | E6: Captura la información del cliente y del producto Expomóvil (monto, plazo, vehículo) y envía la solicitud a Riesgo. | F6: — | G6: T2 | H6: 1
A7: T2 | B7: Persona de Riesgo | C7: Evaluar solicitud | D7: Tarea | E7: Evalúa si el cliente es apto para el crédito (perfil, buró, políticas). | F7: — | G7: G1 | H7: 1
A8: G1 | B8: Persona de Riesgo | C8: ¿Cliente apto? | D8: Compuerta exclusiva (XOR) | E8: Decisión de Riesgo sobre la solicitud. | F8: Sí → continúa No → devuelve a Negocio para corregir/recapturar | G8: Sí: T3 No: T1 | H8: —
A9: T3 | B9: Analista de crédito | C9: Analizar crédito | D9: Tarea | E9: Analiza capacidad de pago, riesgo y garantías, y emite una recomendación. | F9: — | G9: G2 | H9: 2
A10: G2 | B10: Analista de crédito | C10: ¿Decisión del análisis? | D10: Compuerta exclusiva (XOR) | E10: Resultado del análisis de crédito. | F10: Aprobar → Legal Aprobar con condiciones → Negocio modifica datos del crédito Rechazar → fin | G10: Aprobar: T4 Con condiciones: T1 Rechazar: E2 | H10: —
A11: E2 | B11: Analista de crédito | C11: Fin: Solicitud rechazada | D11: Evento de fin | E11: El flujo termina por rechazo del crédito. | F11: — | G11: — | H11: —
A12: T4 | B12: Legal | C12: Recopilar expediente | D12: Tarea | E12: Reúne todos los documentos del expediente necesarios para gestionar el crédito. | F12: — | G12: G3 | H12: 5
A13: G3 | B13: Legal | C13: ¿Documentación completa? | D13: Compuerta exclusiva (XOR) | E13: Valida si el expediente está completo. | F13: Sí → escanear No → sigue recopilando (bucle) | G13: Sí: T5 No: T4 | H13: —
A14: T5 | B14: Legal | C14: Escanear documentación | D14: Tarea | E14: Digitaliza todo el expediente y lo envía a Despacho. | F14: — | G14: T6 | H14: 3
A15: T6 | B15: Analista de crédito | C15: Despacho y expediente | D15: Tarea | E15: Verifica que la documentación sea correcta, la autoriza y la envía en sobre a Desembolso. | F15: — | G15: G4 | H15: 4
A16: G4 | B16: Analista de crédito | C16: ¿Documentación OK? | D16: Compuerta exclusiva (XOR) | E16: Resultado de la verificación del expediente. | F16: Sí → Desembolso No (falta o se rechaza) → devuelve a Legal | G16: Sí: T7 No: T4 | H16: —
A17: T7 | B17: Desembolso | C17: Desembolso y post-desembolso | D17: Tarea | E17: Verifica el sobre, desembolsa en la cuenta indicada y realiza las gestiones post-desembolso. | F17: — | G17: E3 | H17: 1
A18: E3 | B18: Desembolso | C18: Fin: Crédito desembolsado | D18: Evento de fin | E18: El flujo termina con el crédito desembolsado. | F18: — | G18: — | H18: —
G19: Tiempo total (camino feliz) | H19: =SUM(H5:H18) -> 17
A21: Leyenda
B22: Evento de inicio
B23: Tarea
B24: Compuerta exclusiva (XOR)
B25: Evento de fin

Sheet Tiempos
A1: Carril (Rol) | B1: Actividad | C1: Tiempo estimado (días hábiles) | D1: % del total
A2: ='Proceso BPMN'!B6 -> Persona de Negocio | B2: ='Proceso BPMN'!C6 -> Crear solicitud | C2: ='Proceso BPMN'!H6 -> 1 | D2: =C2/$C$9 -> 0.058823529
A3: ='Proceso BPMN'!B7 -> Persona de Riesgo | B3: ='Proceso BPMN'!C7 -> Evaluar solicitud | C3: ='Proceso BPMN'!H7 -> 1 | D3: =C3/$C$9 -> 0.058823529
A4: ='Proceso BPMN'!B9 -> Analista de crédito | B4: ='Proceso BPMN'!C9 -> Analizar crédito | C4: ='Proceso BPMN'!H9 -> 2 | D4: =C4/$C$9 -> 0.11764706
A5: ='Proceso BPMN'!B12 -> Legal | B5: ='Proceso BPMN'!C12 -> Recopilar expediente | C5: ='Proceso BPMN'!H12 -> 5 | D5: =C5/$C$9 -> 0.29411765
A6: ='Proceso BPMN'!B14 -> Legal | B6: ='Proceso BPMN'!C14 -> Escanear documentación | C6: ='Proceso BPMN'!H14 -> 3 | D6: =C6/$C$9 -> 0.17647059
A7: ='Proceso BPMN'!B15 -> Analista de crédito | B7: ='Proceso BPMN'!C15 -> Despacho y expediente | C7: ='Proceso BPMN'!H15 -> 4 | D7: =C7/$C$9 -> 0.23529412
A8: ='Proceso BPMN'!B17 -> Desembolso | B8: ='Proceso BPMN'!C17 -> Desembolso y post-desembolso | C8: ='Proceso BPMN'!H17 -> 1 | D8: =C8/$C$9 -> 0.058823529
B9: Total | C9: =SUM(C2:C8) -> 17 | D9: =SUM(D2:D8) -> 1
